0,tamaramorrison@hotmail.com,pbkdf2:sha256:600000$jrHqDH6y2NN64C95$accf0ff50661503aac21a1a11ead1dfafd4faf05bb56daa87bade2e2e37358d7,Gary,Cross,"711 Golden Overpass
West Andreaville, OH 44115",0
1,woodtina@gmail.com,pbkdf2:sha256:600000$0UVhul0hPhJVtjwk$a63003c9bca62045b993555d3d7327dccd8609f54baa84ab922d9f7d3a699a58,Denise,Thornton,"30989 Anthony Roads
New Maria, DE 51777",0
2,rogersbrandon@yahoo.com,pbkdf2:sha256:600000$nDwI4PUs6DH9WNUW$9e0c47449c05f69ec9fe41c8324fa6964c13e4b1e2b547c11e576f8dc178dcd8,Christina,Saunders,"207 Mccullough Well Suite 564
New Hannah, NH 97700",0
3,davidbanks@yahoo.com,pbkdf2:sha256:600000$XKX3GOIwB0ufBuo9$cf6b964e92e6c6d1e552e52fcdb595ce9cce1318ef996dc92749eb23488c82a9,Kathleen,Collins,"206 Stewart Forest
Lake Karenhaven, RI 13317",0
4,samanthasims@yahoo.com,pbkdf2:sha256:600000$nLYVJv9y7VtfpR9u$29c48c66949e2ad4ced84fd149e423c8b08d9f754d640517f27b7b7a3a8aecb4,Timothy,Parker,"87755 Timothy Squares
Simmonsport, MA 96806",0
5,amyvelazquez@gmail.com,pbkdf2:sha256:600000$mybShkwpeBzNYFHk$daf61eb60fa7b1f8b941b75456428c40ecdb81b9a34183991beaf9cc1f9e2b7e,Dr.,DDS,"Unit 7296 Box 6875
DPO AA 65859",0
6,dpatrick@gmail.com,pbkdf2:sha256:600000$gX84p9DjnG16cyQR$55e945ae923c47a299c7dc1eb125a7b0f1c6a25e97dcdff8b738e335f8dc9af3,John,Gibbs,"024 Cook Park
Sherriport, WI 53987",0
7,huberrachel@gmail.com,pbkdf2:sha256:600000$uOJApb33qVFWovDg$2cb1b74fb64acae7b637e9721720d3eb6e1758bc22c9b90db801dd66f02ee021,Julie,Chen,"4183 Kimberly Mills
Katherinemouth, MI 83340",0
8,karicarter@yahoo.com,pbkdf2:sha256:600000$2tXYvSvhc9CXG2tN$b86b2a5ee964a7670ac71470d5afd712ac0395082f1a8ea1983b1829d5e4c648,Ashley,Cooper,"8529 Curtis Prairie Suite 262
Port Jeffrey, NY 32330",0
9,bramirez@gmail.com,pbkdf2:sha256:600000$3AMcjQAmlkZqYo1G$545d7a8e581dfce5c4a89d90de715726955eb345ace08371f72c6ddbb3b5b67d,Christina,Smith,"489 Roger Terrace
Davisfort, WV 30957",0
10,mcdanielchristopher@hotmail.com,pbkdf2:sha256:600000$D762FCQHJOqXlXNZ$51a676465009e64461ce3cf5f793eb2c766806a2c2f8a30bba5cfd19fa31a87e,Leslie,Taylor,"857 Scott Divide Suite 093
West Thomastown, PR 69553",0
11,fcarpenter@yahoo.com,pbkdf2:sha256:600000$ArMbMuFMiZIXQ4Ez$0178e20c618bd61af53b605d2aea087c3db774191ad71fa43a72f33fd62f6de9,Amanda,Schultz,"491 Wise Knoll
Ellishaven, TN 85502",0
12,nhenson@yahoo.com,pbkdf2:sha256:600000$il94t2lYycG9IJC7$426a83a79acae7e9f2f1fd0ff95c3542e1b4287355c3b1705c50db92776343b4,Kristen,Smith,"PSC 6777, Box 1113
APO AE 20659",0
13,taylorjamie@yahoo.com,pbkdf2:sha256:600000$V05axCDrbMAtyuEN$73acd5643cb78579f323b372083a7823824fd934ff4e73125cdf7e9b5350657d,Mitchell,Payne,"57492 Lisa Plaza Suite 590
South Eric, HI 67409",0
14,areyes@yahoo.com,pbkdf2:sha256:600000$OTvwCIAlL2FvGBp8$abc6664d8f354f99257c54a4de9c2ac12513fde7fef13c221433668d2fca018e,Katherine,Brown,"56237 Thomas Inlet
Lake Mark, WY 98452",0
15,zmorgan@yahoo.com,pbkdf2:sha256:600000$1lBM8gy7bPDX6HE6$a4c587838ad829d7cb8b1d194eb52e66dbdf4756f900e6be6ae92b69537f5b33,Jessica,Hancock,"5600 Davis Highway
South Joel, MI 21771",0
16,rfischer@yahoo.com,pbkdf2:sha256:600000$zJoJBqmT6PlZyHwB$02f7e51a5d121d2abaf1036b4bf24e8eb54c060ffe04bfd7c636a65d687d46cf,Gloria,Smith,"931 Ramirez Village Apt. 821
New Daniel, NY 83355",0
17,vasquezkathryn@gmail.com,pbkdf2:sha256:600000$QLFu7wF2teAnlGKc$112f24667c2306f0cbedf52c08dd65629784569cc5be68bff4e24a056afdeaf1,Miguel,Shields,"PSC 6644, Box 6595
APO AE 40742",0
18,kimberly87@gmail.com,pbkdf2:sha256:600000$4dtRASmldyehOdgn$3d5b7f5fc873487beac6d4d4ef3f2681102237f0f5d3843b938948eab2e68497,Kyle,Powell,"080 Herring Key Apt. 182
Jamesview, MD 92304",0
19,wbrown@hotmail.com,pbkdf2:sha256:600000$8OedWPZrY6Rv4IOk$37e3d95f43fc13db240139b24db41af325c895984db5fa18e6852205d58b433e,William,Hensley,"59306 Holly Underpass
Buckburgh, MI 10648",0
20,pwilliams@hotmail.com,pbkdf2:sha256:600000$HSKa2YvnQZwid0kY$23045e77e76fbb30e405589a35825e799408b820e1c1a36bf46e6ebb0bf59323,Brett,Donaldson,"65282 Greg Estate
New Mark, AK 63797",0
21,houstonwhitney@hotmail.com,pbkdf2:sha256:600000$yt94EgP5x27zJuqE$db2f7225441de8ee9717c7900a79ac2e875c6b585a9bc403ce2979e4c9f22bed,Thomas,Cook,"26951 Huang Gardens Suite 636
Lake Timothy, PW 76703",0
22,pford@hotmail.com,pbkdf2:sha256:600000$6HXDGAqw7hKhjIto$a536cf0e7795e88dcc8181c2701646fec263238e52ffa748ca6dfe2295ae738b,Tina,Thompson,"646 Michael Curve
New Michaeltown, NE 76089",0
23,elizabeth32@hotmail.com,pbkdf2:sha256:600000$nNAw29eEx6H6ySyL$9c779857889c2dce14dba516981bd23ba12f13f21d95c72230d72699684cdee5,Lauren,Walters,"9261 Alex Lake
Floresmouth, MN 77080",0
24,nancy51@hotmail.com,pbkdf2:sha256:600000$6W5DcbFlzh4r9vln$9ee6a12049d3bafeda36484c1ad3f6641d61c7a591e777896d4612b09604e23d,Troy,Hawkins,"02983 Antonio Lodge
Kleinville, NJ 73841",0
25,danielrobles@yahoo.com,pbkdf2:sha256:600000$gFHecwSs0zcv1BP9$60fd59810e48322a89eebca75dba14de0a9a5a6b6f51e7d48ea5f4fbbdbacd27,William,Bray,"017 Long Forks Suite 090
Davisborough, VA 43336",0
26,griffinpamela@hotmail.com,pbkdf2:sha256:600000$Ajc2qbZEehWdCMc8$5335dbc50f9195caec141a8fb31ba6bfc207ef2c036511283eedbd48cb3e4f28,Melissa,Wells,"4619 Wilkins Wall
South John, NJ 54277",0
27,qmyers@yahoo.com,pbkdf2:sha256:600000$MA2bl6o7OW1djiZV$666d3b8bc88f9250f13e89309ab9467264c7aa27e31020127218bd55f13fe659,Amy,Sanchez,"Unit 8645 Box 7325
DPO AP 47232",0
28,jeremy94@gmail.com,pbkdf2:sha256:600000$SyeBnAwsABTXmtmX$6e6c1b92df8021ee0cc05e44334e0e424e874244a0570520db1cf7bb35bcc079,Joshua,Jones,"1039 Brianna Passage Suite 274
New Sergiobury, MS 50840",0
29,wendysteele@gmail.com,pbkdf2:sha256:600000$xkCc2vFfLm74AcfP$b78f289da4d5d942af0b782890701e9a1f9b109c40bebfef0bf29c7250d4c81e,Zachary,Garcia,"192 Johnson Ville
West Colin, MP 93220",0
30,hartmanrobert@hotmail.com,pbkdf2:sha256:600000$ZDqoyahXgzgAdMgB$f5e4f09335ad44fb9b1dd13b97ac0211ee5b545244b170e514f42d5ade9ceda9,Kim,Ortiz,"64000 Jones Shore Suite 584
Port Jeanettehaven, DC 34523",0
31,martinezchristopher@gmail.com,pbkdf2:sha256:600000$ASIbsMb14zvNqsRU$6a6b3875799ac53fd85ab0f8a3bb847e61d712a559e6c6a61259ab279380ce80,Kristin,Ibarra,"730 Jackson Parkways
Lewisside, NC 65143",0
32,qstark@yahoo.com,pbkdf2:sha256:600000$0UaQlpMnOAEyCEoH$9c8e5b72dba0a2f9f02529d1bcad083a8d102987be14d4b5930d33d14fd9db72,Eric,Taylor,"9684 Jacob Forge Suite 828
Port Carla, WV 70196",0
33,waynebarnes@yahoo.com,pbkdf2:sha256:600000$Qztv868cMedtkqTR$73d3b0506db9e02c8f0611276a48ffdf436efb29d1b55b9888554d9e650c0db7,Daniel,Mccall,"986 Rebecca Center
Merrittton, SD 85388",0
34,vschneider@gmail.com,pbkdf2:sha256:600000$mFOXlSJVIsM3P60v$338136fef2ba716b334f5499aadce0ba79ec763f443e8bd79539fac87b849ba4,Brian,Kelly,"Unit 2166 Box 7052
DPO AE 92631",0
35,ostone@gmail.com,pbkdf2:sha256:600000$2kphGqH2xipYr28h$448651f150bc3cef2fe5b14d7bde6b4c69ce0cd391078bff912187ae60f3b75c,Abigail,Hoover,"7577 Christopher Mill
Frankside, NJ 72758",0
36,blewis@hotmail.com,pbkdf2:sha256:600000$lxyr8Bagi4YbCYDa$1d4176840bab09a3dddafd93a330bcc377ea7d3bdffdaeb6c35aae78f7374cc5,Ashley,Williams,"6037 Vega Vista Apt. 078
Port Paul, LA 90278",0
37,hbrown@gmail.com,pbkdf2:sha256:600000$HHuXOwvLHkLwDEvg$fb40608a87fe3f2e6624aa012c3adfd6b6cbc759db22cebf20399bface5e3140,Edward,Hill,"39287 John Heights
Barnesmouth, PR 88806",0
38,joylowe@yahoo.com,pbkdf2:sha256:600000$s7cUJBguBawZZXlf$6bf1602344326acdac37c422ec48fe0813e90649bc1bc4235b5675b02f886f3e,Chad,Bridges,"8724 Rachel Squares
Latoyabury, AL 19300",0
39,sandygarcia@gmail.com,pbkdf2:sha256:600000$JFOaYMYuPGPYi0KD$ec04e5a9e0880ee2602f5e3aabda91bbfecd0c160b184afecc0b13bd08a9e33e,Dalton,Fritz,"33319 Russell Village
New James, NM 12409",0
40,nbaker@gmail.com,pbkdf2:sha256:600000$1CkVw0d5naMhtnjW$3c36be7cfca104ad604fb44cfd6aab97a1f4ce9a393452346b7d1df013b00e6a,Erica,Vega,"666 Douglas Club Suite 283
Bellshire, FL 75555",0
41,jenniferbaldwin@hotmail.com,pbkdf2:sha256:600000$wmtG9PfTVfthSi47$ca51d8133b307af722651061e2a95ddcdc171818e0c5c42517cbe31032148bc3,Dawn,Russell,"238 Shawn Well
Port Johnshire, NC 72291",0
42,codyherring@hotmail.com,pbkdf2:sha256:600000$Vkjx6ApCGXw4oV35$b0079161aebd13b24c9cca335a8b3462eed52656d1649aabd4595342972dbc01,Erica,Le,"57725 Sweeney Lodge
Brandyland, OH 59854",0
43,tgilmore@yahoo.com,pbkdf2:sha256:600000$ehA0zC57liCZG3wv$2500fe6294e27a3fe3dc457a9a7485cc8ef84b829c91d6450a4ed486ab976128,Kenneth,Castro,"46379 Lopez Route Apt. 969
West Michael, MD 62485",0
44,justinbonilla@hotmail.com,pbkdf2:sha256:600000$QsC6fTbXMQ7rhepK$173e6d3488d7421c0bc3e13a0fd03ad05a9708658535241060cdbc9ff0628f5b,Daniel,Patterson,"94678 Brown Camp
West Nicholaschester, MS 85041",0
45,webereric@hotmail.com,pbkdf2:sha256:600000$uNsKQuzpo35gL4ly$e3ac95b6101c9310dcd23b5067a91eac7fc1048834fa6492af83d48c11ad26d8,Douglas,Yates,"04374 Nicholas Cliff Suite 001
Adrianport, AR 00654",0
46,denisetaylor@gmail.com,pbkdf2:sha256:600000$y1KbFNoz0AeJfQek$47280b80e4914b0d8afb7a0fb4515e6fa49715f95b61c95a11846b6016a21cb1,David,Steele,"Unit 4585 Box 0002
DPO AA 97569",0
47,jyoung@gmail.com,pbkdf2:sha256:600000$FXmRUioVIhh1Oz7O$841b68f8e6da05f43f82998d76de6b46281d90e869ec39788d586d7cba610dc3,Christopher,Green,"24581 Tyler Well Apt. 640
Adamburgh, MA 23043",0
48,upeters@hotmail.com,pbkdf2:sha256:600000$Ww4Qyi5rgFcA0yI9$07f119095921db1a77a9a8e233d7542faa2f7e052aa8498851784c3c63ad49f6,Maria,Valentine,"68140 Trevor Valleys
Vaughanstad, OH 62334",0
49,torreskyle@hotmail.com,pbkdf2:sha256:600000$lsDEarF4WBDBAVZ6$2356fb09ed2b7db4bded760c2917c196665fbbd44153d6f1565225b898fcdd48,Beverly,Taylor,"98027 Anna Common Suite 527
Bradville, FM 13697",0
50,christopher91@gmail.com,pbkdf2:sha256:600000$i7M06LbYg5BHTKqE$0e1518c331c968f18d0b302b5b96df3af335f2dc68de4c260f6c0437cf7b27f8,Kristin,Alvarez,"61677 Jasmine Centers
East Crystalfurt, PA 12810",0
51,yolandabraun@gmail.com,pbkdf2:sha256:600000$UfHcGS1B7yHGfEFv$cbd9b6a7720a2ae4148efcd292793fca3755963238ef052a9dd5d53b6358fe4a,Scott,Lawrence,"99243 Larry Extensions Apt. 078
Bergmouth, PA 44788",0
52,olsonjohn@gmail.com,pbkdf2:sha256:600000$YBPrxWqB6uLVzwCS$b8b7f31c9456307c555c9f0b8431c18b6ecd145c22d0f0de52a03831e2800aa8,Perry,Jr.,"73293 Molly Groves
New Melissa, TN 64065",0
53,erin71@yahoo.com,pbkdf2:sha256:600000$vDc83VKY4WksYxIf$89a67204f8c8e29756e52dbcc2022f02ca10c6dddcb92f586915dd7a150e7751,David,Rivera,"3605 Jackson Corners Suite 709
Port Donald, OH 74865",0
54,kelly22@hotmail.com,pbkdf2:sha256:600000$U0kV3NDh1lNttx94$71739464ec0ccf13570ee29718b64f2c455cc62fd2d19cf780283de4cffd893e,Shannon,Rivera,"7637 Aimee Ranch
Rittermouth, IL 74257",0
55,beverlysmith@yahoo.com,pbkdf2:sha256:600000$Rb3sGP1Upzstlaay$d51241d445bca29d935802a1050443fe31e4a5a5360138e67871eceaff1ea6ab,Katherine,Smith,"499 Edward Vista
New Matthewport, MH 72138",0
56,ktucker@hotmail.com,pbkdf2:sha256:600000$UOWFgxB61ZbI3ZNx$4722543384f09777286473f937af6b9f21819ba1b08929698700e72c07aeb078,Elaine,Morris,"61972 Floyd Lodge Suite 287
Samanthahaven, IN 28789",0
57,gordon43@hotmail.com,pbkdf2:sha256:600000$qPhHKOPEQJIL3tHA$66796cc3eb204c177ea2bae8792ac1d12495a4ed6132c54564c5edf95d47be09,Wayne,Reed,"143 Doyle Cove Suite 852
Port David, VA 97386",0
58,kennethwashington@gmail.com,pbkdf2:sha256:600000$F1Ta0Q92hghZjaXQ$0fcc4fbc12eb51e5273f1b9bc3b9a0d6ada58575b69bd51639b51eac725eca85,Jennifer,Marsh,"41694 Ashlee Lodge Suite 853
East Denise, CT 15792",0
59,zharris@hotmail.com,pbkdf2:sha256:600000$1jnb74hCSuGSC5xq$f23134bae29b343485cfb24034ee491fc220eab37b9d30baa04a5d67a64a1009,Richard,Haynes,"4547 Matthew Islands
Port Michael, MN 47480",0
60,davidlewis@gmail.com,pbkdf2:sha256:600000$TZWpYAqRUkOEHpVg$851bfd0960333fb9a84f8fa4a79761609ceb3d2592d52538ea0e8e43b4b044f0,Sean,Jackson,"4495 Duke Trafficway
Archerhaven, GU 07048",0
61,joshuakent@yahoo.com,pbkdf2:sha256:600000$Jyu10j6Vh1uzWyvT$3b7ba69cc6fbb2a11b983fd1a044dcf6b2adc50c3304d45321d20ec9b4698835,Billy,Graham,"390 Andrew Summit
Rodrigueztown, NM 97594",0
62,tammy10@yahoo.com,pbkdf2:sha256:600000$BnZgiN9r4IbalUEj$d5f55bcbba5d1b1947e014eb8425981fd7291bebb7b0c0b78a051a443cf9c03f,Christopher,Mitchell,"515 Lindsey Village Apt. 594
Travismouth, GA 32478",0
63,christianhernandez@gmail.com,pbkdf2:sha256:600000$mlivDp0wTAmw7hpN$dafeb1fe8a4534f62dd9b740c13e5c48fbf858872095b0eade49dda54185730e,Jeffrey,Griffin,"436 Brian Trafficway Apt. 295
North Bob, ND 21817",0
64,randallwendy@yahoo.com,pbkdf2:sha256:600000$CjKqz6sI1JhWL5az$2782d2b290b03af48a4cdc0f094852be7ab22fd14847219d43c7ef509fe2f944,Chase,Foley,"5263 Eric Mount Suite 930
Derekmouth, MT 74898",0
65,heathercrawford@yahoo.com,pbkdf2:sha256:600000$nIfP9NCzczwUZTwP$5b22ea3129d8e2d771c50f875cb45b744900057a43f80d8b523de9263baac6f1,Matthew,Cisneros,"96654 Kelly Parks
Randybury, WY 61048",0
66,pauldiaz@gmail.com,pbkdf2:sha256:600000$jtvHelvOkUn7ESv7$69d5bc61359bdd7ad922f7e216b012292f544b3d238f0614478749f9f0bd056b,Tyler,Pace,"931 Henderson Shores Apt. 948
Pamelaberg, AZ 01714",0
67,victorlewis@gmail.com,pbkdf2:sha256:600000$ZgRQv3LjDWi32aGL$1bd96281ce87701e5115a0ecc33acb442029cecc1400f81d7292640efeea9736,Matthew,Beltran,"84638 Lisa Ridges
Melissamouth, KS 67260",0
68,armstrongcolleen@gmail.com,pbkdf2:sha256:600000$Hkh5ckqpU4jivAu9$8e89ce5c86b980c48022b8cc499fa679a1457ef2abaf1d299a36a34a52f55d94,Sandra,Powell,"39594 Kevin Ways Apt. 634
Andrewton, NE 96331",0
69,mwade@hotmail.com,pbkdf2:sha256:600000$RJ2008iG53ICbOd4$85693d4568d7d819378f1de8091edfe78b44a9ca02121abd883da3c6732e5b0f,Matthew,Jones,"4938 Andrea Square Suite 279
North Natalie, MS 76915",0
70,kristinperry@yahoo.com,pbkdf2:sha256:600000$wdU3cXOsBxzjKYag$8c2c5e6f876486b07bb040aaa41f3632ac56c7c5f300e906ea57bc3ae1cf8e84,Jacob,Roy,"Unit 1844 Box 0663
DPO AE 79652",0
71,cbrown@yahoo.com,pbkdf2:sha256:600000$7nfyh7u37MldqhWC$78e161ef86a2d02692fd7ef9afbe45d656ea1105326b3996f77eb0597d83bae3,Shannon,Boyd,"USCGC Le
FPO AE 34436",0
72,patricklopez@hotmail.com,pbkdf2:sha256:600000$elpyCEs2H2V1zQFS$e64176b92c20b345647f12b7f19a4b5f80e6fcd3f9c2212f80f5f3e8a194732d,Jessica,Wilson,"554 April Circles Suite 196
Tylerville, VA 60222",0
73,osanders@gmail.com,pbkdf2:sha256:600000$MiUNXIly3ipAETuX$c8c58b56722debeba41a136cc7efeab1eec67e0b519357a155fecbe37fe28482,Keith,Ramsey,"5383 Kimberly Tunnel Apt. 342
South Jesse, CO 30873",0
74,sharon91@hotmail.com,pbkdf2:sha256:600000$QWbCVDTo41TbzIqO$2cfb6d6150c012cdc042ad59fbe253caaf2075a4a5bbcf5d98880fea4d446e90,Lori,Dominguez,"376 Eric Highway Suite 690
Jonesport, VA 61698",0
75,privera@gmail.com,pbkdf2:sha256:600000$un2DtQ7ZdsomdG2z$3310d50f3704a7079af3203f545cee7f282a89c5ca72fcd7bdb28848b862599d,Patricia,Pearson,"27901 John Drive Suite 233
New Dominique, AR 59360",0
76,brian64@yahoo.com,pbkdf2:sha256:600000$ERTkvSrquwyKELLL$25eeb6069f215cbbf145661c40f6af78705d8454d93f42abab5dee662d5a308c,Alan,Pineda,"4701 Hall Groves
East Amystad, MN 35533",0
77,diazfrank@yahoo.com,pbkdf2:sha256:600000$MwagxoYbTZpR8B5i$7dc57859c2a54bdecff41199d492967afac39c3aef2c15f0bb880affdf00448e,Jamie,Clark,"USS Bullock
FPO AE 79810",0
78,qferrell@hotmail.com,pbkdf2:sha256:600000$NBTyeE4QZvEqFy8i$529e83bb46f5f3dfb54f4d48d5e6770ae9f0d073916b3c005df738e6cb09b744,Tracey,Bartlett,"9052 Miller Shores
Knappberg, TN 60227",0
79,patrick19@yahoo.com,pbkdf2:sha256:600000$wYkUhcKidF80EQgh$9b43dde2a4cae70675ab68b2e0ec705a5c5139568169c52b4d020211477eb550,John,Coleman,"3990 Terri Tunnel Suite 324
South Monica, RI 14378",0
80,derek56@hotmail.com,pbkdf2:sha256:600000$4hphG5NeGr6kybsW$6994c832c6f193ed5f7ef7a71e43dc091f24b0b243dbc175eaccf6dd28a5b2cc,Edward,Ochoa,"9104 Hardy Flat
Lake Melanie, TX 45172",0
81,jacob95@gmail.com,pbkdf2:sha256:600000$IAZCONPOkdenFsKc$17ad89b944bc8501c75ed1ec87f285f2e8d010eae318faeba917ca8318a62b77,Sheri,Jennings,"72890 Wright Groves Apt. 423
South Jodi, IA 35989",0
82,ppatel@gmail.com,pbkdf2:sha256:600000$zRh6fZRYeletzDaF$cd809d022ac590e8f90e4bbd4fc89c313c11f0d870994e00f609fe3abc4a1214,Deanna,Holt,"189 Johnson Flats Suite 066
North Tiffany, VI 44671",0
83,nicholasmorgan@hotmail.com,pbkdf2:sha256:600000$qrdEmjVJzMOWG4mE$d8f2ff46d74df57a39afb5e42cea541142e675651318d6c71199b298f891a37e,Larry,Palmer,"58718 Camacho Cove Suite 092
Elizabethburgh, MA 63093",0
84,dwells@hotmail.com,pbkdf2:sha256:600000$dXdvC8C6RIAwEMsi$5a8df997b5415972ffe2686dc15088b6a928da89a3aad771ebad953d5dff813f,Kristina,Higgins,"824 Roberson Port Apt. 542
Martinborough, IA 17119",0
85,amyporter@yahoo.com,pbkdf2:sha256:600000$tIQY9hpi6Nir63O3$644050bb367c99e24d9cba0784e1b318aa3712a7119790787743d5f2dbd2f560,Shawn,Matthews,"46432 Gina Route
West Johnny, AR 14522",0
86,lindseylynch@hotmail.com,pbkdf2:sha256:600000$hgqUXMEaI8pigpUJ$c7f8db77c0f8f92bff65731a4ce85acbb0a26d6373509cce92675a91588c3a6e,Leslie,Pugh,"070 Christopher Glens
Jessicaland, GU 10999",0
87,lcollins@gmail.com,pbkdf2:sha256:600000$SBsHlDon7ciPf4F0$773c8130c91c3344ad763b7c85d327ec59ca1cd8e2e7b2bedcfef2db97df6a57,James,Rodriguez,"5877 Clark Plains
Sweeneyville, WA 28933",0
88,john71@hotmail.com,pbkdf2:sha256:600000$yXR0wPS5jSHQn5ag$0d8d34892bf6e6eada1c5a89404c36c7a1b9d9fafc40e38f3d7189c4298caabb,George,Butler,"57715 Harper Street
Barryborough, NC 38824",0
89,deborah72@hotmail.com,pbkdf2:sha256:600000$bhlVI3KDQQECIk4t$60e193b281a3ac384cb11c885e870bc6c6d589e55f4c16505dff30d32e4ace69,Shawn,Gregory,"747 Lee Ford Apt. 772
Port Russell, KY 29064",0
90,irwinwyatt@gmail.com,pbkdf2:sha256:600000$PUxRoCYfWzZAr1FC$def14b4cbf4390a508ecf2594d3d7ca9c9a7a25f2bc4da6b2f609c0dd1d14b45,David,DDS,"0122 Hill Crossroad Apt. 255
Port Stephanie, IA 77834",0
91,pbrown@yahoo.com,pbkdf2:sha256:600000$uNZKoOSFQ86w9kc0$7a8814620587dcd463887586f07411b3bdde9d32e2c42a32a02e474dd24fddcd,Mark,Chapman,"89530 Anita Shoals
Ronaldport, MP 42703",0
92,elizabethyang@gmail.com,pbkdf2:sha256:600000$OWwoAoW3qX9iUHYK$5e825aba426cfa2fa6d0f2d99140300169f299f5018284a40869ebc6a76b4116,Savannah,Miller,"300 Salazar Square Apt. 339
Boyerhaven, VI 23452",0
93,zwilson@hotmail.com,pbkdf2:sha256:600000$G4vRVZixsEaSamsY$b2ef781cfa417745717d5678892b1b49262a358518e3be797f07fd03eaef0099,Matthew,Doyle,"820 Andre Drives Apt. 590
New Alexandraberg, KS 43913",0
94,drakefrederick@hotmail.com,pbkdf2:sha256:600000$Vm0UsyLgqEUq7BxW$c2df960093805d0cff25e37e0c3bee99b8bbb53f7b01cbe58456c7d3a2996781,Daniel,Carter,"110 Dylan Wall
Anthonyville, ID 80082",0
95,mforbes@yahoo.com,pbkdf2:sha256:600000$3J1h7Dw3GDnWz9bF$3cf75693d54706b02d435159fdedb4c7862d5a208aac357be059d240d8a4987c,Donald,Ponce,"59587 Davila Flats
Brownhaven, MS 86708",0
96,hillshelley@gmail.com,pbkdf2:sha256:600000$3iWdeMsZvN34r6Nj$4a0d4fec4a44d7cfbfea6a598e4f62a81ffcddc4877cd48b7393329fde5062b5,Dr.,IV,"7242 Williams Garden
Mathewville, UT 59650",0
97,brittanymendoza@gmail.com,pbkdf2:sha256:600000$5gTbk0xHDDmzBmT9$7ec7d28d8e9e572e29447592f8693a5acf96cd97ae11cc3d93eeaa07bf397f6d,Adrienne,Friedman,"09420 Ramos Walks Apt. 671
South Emilychester, IN 36624",0
98,taylor42@yahoo.com,pbkdf2:sha256:600000$2xtClCCQY4c4AbFu$ae37ff38cb40e1593f65b3d101b660622fb88470c1e6e6b5d06c1ece6b5c84f2,Justin,Adams,"4173 Wells Garden Apt. 105
Thomaston, CT 13358",0
99,jacksonlori@gmail.com,pbkdf2:sha256:600000$qHvmy7zIQAmml6gF$e97e6616e3512f4e082865e125dfae2bac19e212f8a8a514298360e063630314,Michelle,Welch,"6308 Carroll Park
South Chelsea, NY 67064",0
