"0","tamaramorrison@hotmail.com","pbkdf2:sha256:600000$54PC7Rgo6ZKPOM08$0b3c1bfa7b8b0abf444f371565d56e84ad331ae698d2a6fed72bf9bc755b91af","Gary","Cross"
"1","woodtina@gmail.com","pbkdf2:sha256:600000$ROfc7ClYoPuCdNhh$fcadbb9f4ca5fa508310e0499a9ac98235e6d2e63e1572e0251e7d33c4acc6b2","Denise","Thornton"
"2","rogersbrandon@yahoo.com","pbkdf2:sha256:600000$BYOtqfgGOYKTvsU4$4511a035f1bd3d351688bb7908ac9ed191498a7488f4c09620cf84c0343c51f1","Christina","Saunders"
"3","davidbanks@yahoo.com","pbkdf2:sha256:600000$Hgx0oheKQWlmebxu$71477ae9ed9ab2b138109d369b8730eabf0873714ba24f2bddcd34b8a332ff7f","Kathleen","Collins"
"4","samanthasims@yahoo.com","pbkdf2:sha256:600000$3gg1MrLgjbiQnK1R$7b1ebef420b80a6081e20576b90ad7cc3a38141fc07bfd4b2b8ac05fd6369800","Timothy","Parker"
"5","amyvelazquez@gmail.com","pbkdf2:sha256:600000$tUaBbDcTLyYhY7jv$406942405243f983eb3452ffe31a5c018f2e9fdb6a97f452fc7c5aa0e73087b3","Dr.","DDS"
"6","dpatrick@gmail.com","pbkdf2:sha256:600000$gPafRrF80KKl03WB$29ae5f2763c2b59d296a52e7b455065f0c6f37311a9532764aa9d4792be3f0a1","John","Gibbs"
"7","huberrachel@gmail.com","pbkdf2:sha256:600000$zVxCveCCkMGK5r1p$86387feddffd394b787c081ce405bfa55b6d5e9ec959266a932f96656cbbf899","Julie","Chen"
"8","karicarter@yahoo.com","pbkdf2:sha256:600000$PXOPFW2LET5oPRe7$45f021a5c27ca94861bc20bf26666369d65fd86e5ea8b5dcd7bf01a8e5b550a8","Ashley","Cooper"
"9","bramirez@gmail.com","pbkdf2:sha256:600000$wBDu4l5R7EgYTYDi$70efd67f2f46fe5a7a50e517065fd21bc5c85ce272834b9eca494223e856eb1d","Christina","Smith"
"10","mcdanielchristopher@hotmail.com","pbkdf2:sha256:600000$SqwD8GSLfYW0kEW9$34b0818f708673a2758b9c91f500f32f6ccb507c244e6d82c563e4f66f6a9c68","Leslie","Taylor"
"11","fcarpenter@yahoo.com","pbkdf2:sha256:600000$uezyrvV8xoeHhHWj$24878ef1f6c14ddc8f1fa09b0130081d0282f8ebbfab4296e19f5b4c79e2a26e","Amanda","Schultz"
"12","nhenson@yahoo.com","pbkdf2:sha256:600000$dkK6RyS0dwUOlSql$8d1ec95202b3a237b9a9678ac6e9652f7e7ef6f20b0a9bf8c17e4d0e361e9f37","Kristen","Smith"
"13","taylorjamie@yahoo.com","pbkdf2:sha256:600000$RZr3q2e4HohHMA0D$463291e6e3b58e6cab8a4332174d42e39a09d941ed1e7e97255b62dc701fb245","Mitchell","Payne"
"14","areyes@yahoo.com","pbkdf2:sha256:600000$wq0TbrCPP8uXInsf$68bda96356d4a0ddd2e9fdab26e6e320a565df42a0c0db44d8c87c81b6b38562","Katherine","Brown"
"15","zmorgan@yahoo.com","pbkdf2:sha256:600000$FIO5BXrouAwM5CtP$c1611a5fcef01126b3d225bf214502648dcbd39637fabbe63e62a5e441236548","Jessica","Hancock"
"16","rfischer@yahoo.com","pbkdf2:sha256:600000$QwM7SfQZ8HLBfVa9$9dfee538eeee1f9ed574fe321d3a7fae2b882df1c75bf76d258521d6f8686df3","Gloria","Smith"
"17","vasquezkathryn@gmail.com","pbkdf2:sha256:600000$D0Q2i2IRTXfebnbd$ecdcd5fb9481a25c35ff2f6b0be843e3195a1910d9db5c3c5aade7839f4af36e","Miguel","Shields"
"18","kimberly87@gmail.com","pbkdf2:sha256:600000$vCwZp4ZacUVe3eDj$b691e902d54896a0a6d8d467d1f674fd179a757f85bac1398ca35af9ca2abe39","Kyle","Powell"
"19","wbrown@hotmail.com","pbkdf2:sha256:600000$qCWDgg9wXbhKtftq$d0fb814128956b497814ecabc6bbaae9a505c2e6cc2856a3768e0f3723380de1","William","Hensley"
"20","pwilliams@hotmail.com","pbkdf2:sha256:600000$cmjjPJjYNoLzD3wV$caf6aeebdf8c79da670dc78ab0c011e71cca014802fa9a6724df720f16feb182","Brett","Donaldson"
"21","houstonwhitney@hotmail.com","pbkdf2:sha256:600000$TSXqGtBND2WV29af$16b9f31591fa9cb89aa95f745c8ad7f91ec7929501727dccd219ee569166e500","Thomas","Cook"
"22","pford@hotmail.com","pbkdf2:sha256:600000$MohrPY2tb4AYVAKp$a5afa2f6ea2af9b768fbcd5478ca85af765b18ad6e05c6a26b6079b6d9fecde3","Tina","Thompson"
"23","elizabeth32@hotmail.com","pbkdf2:sha256:600000$v5G5fOTmrcthrx6e$5cffbdd73629af99583887e8704c1aa621f9bf4d6b5ac7b2acdcc4707d81f334","Lauren","Walters"
"24","nancy51@hotmail.com","pbkdf2:sha256:600000$1ABBR1HCSWwudwfR$2df502ddee93c93cf616d96e7e323d0ce16d72b8c49aab0db003697b5be4e9dd","Troy","Hawkins"
"25","danielrobles@yahoo.com","pbkdf2:sha256:600000$heojduNGNSh1Ot6Y$0f2b3b9beb3cabfc98910e723d5c0b1c1fe6df89b53b354778b3a3357f095d7f","William","Bray"
"26","griffinpamela@hotmail.com","pbkdf2:sha256:600000$d3xrLFsOGootUZJn$d49d7af4be90962b25479e9cbc9d8719f7bc532920f6fa1d75a8f4fa003c8416","Melissa","Wells"
"27","qmyers@yahoo.com","pbkdf2:sha256:600000$L33qhGvLkljCJY4H$637daf4068ba92ff485ac96c192c45343e147ba081fae0118865a1fec1591337","Amy","Sanchez"
"28","jeremy94@gmail.com","pbkdf2:sha256:600000$ZF4jnp6QuwjiQy23$a5f4c17fb07ecb2c1a4d75bd221af316d794123bdee1eeb70cd15535cd09f387","Joshua","Jones"
"29","wendysteele@gmail.com","pbkdf2:sha256:600000$Xqf8qv7g5WUVRjdm$033a7e1f2c66cb02985f6b32ceed5bc8601628c46ce8b95923d7f93b9cdeab78","Zachary","Garcia"
"30","hartmanrobert@hotmail.com","pbkdf2:sha256:600000$FjMCUETTTmQsLW46$c090b41226cb352766f53ba31b2e4fe494cb15e2cf728e36effa411a00e90995","Kim","Ortiz"
"31","martinezchristopher@gmail.com","pbkdf2:sha256:600000$mFSPShpOL46Qp0gd$974926d4b6948869d0f9b629fc561ab04922fc30a0284809a8485f830018572d","Kristin","Ibarra"
"32","qstark@yahoo.com","pbkdf2:sha256:600000$tRyoOVrxgTlFuDSC$ed9e380c9dfdda02396c733f41cf2ebeb9309646057d59f183ce30c2ea1d6461","Eric","Taylor"
"33","waynebarnes@yahoo.com","pbkdf2:sha256:600000$JfRXplv2dJnup92o$ecef49a86d5bfcdf04ee973c528c90dad8b59238c08fcf43d0662fa4bc922280","Daniel","Mccall"
"34","vschneider@gmail.com","pbkdf2:sha256:600000$T19XFzvI3DxdKhCY$1ace39aea218ec9218150b90491977fd60537f32606979338f7e3e689db24ae7","Brian","Kelly"
"35","ostone@gmail.com","pbkdf2:sha256:600000$8cCN7Vs9Tb92aZ6v$e5a8b61d6f037db3b32c05d1399e5b6b74dbf991a117b1565b0a73eee8f2996a","Abigail","Hoover"
"36","blewis@hotmail.com","pbkdf2:sha256:600000$EAwOfnrHZNBIKElV$b3801eb737a564c416f7fdc00ea894cc203bb4758d3da3f106e83590b3886a7e","Ashley","Williams"
"37","hbrown@gmail.com","pbkdf2:sha256:600000$IJjfKLdpIdLgBBEK$7e1c79b8364500bdb434e0e7846135c9dcce51f5797c6cd1b6118c2e9c8c1f0f","Edward","Hill"
"38","joylowe@yahoo.com","pbkdf2:sha256:600000$cf4FL9QX8brOYGfS$a6885eaa3f00c37fccc999580f2f5ebb39debe9df09022bf1083fda3c1268119","Chad","Bridges"
"39","sandygarcia@gmail.com","pbkdf2:sha256:600000$13z7jXtYZSqtfoKH$96a4b5a90b093a0f9519a36ee3ca6d4cd21f0cb137c2e30d18985466d57bada6","Dalton","Fritz"
"40","nbaker@gmail.com","pbkdf2:sha256:600000$xMK2ulTt1WyFpUyU$df241b7f35b880cf0ab1288928e985902f22ad026fb25b30e700a421bef73d17","Erica","Vega"
"41","jenniferbaldwin@hotmail.com","pbkdf2:sha256:600000$W4Jc6Hj2u188bZlE$574ca40ea8604d7534a8d97c757db601155e6f6469a4155b52fe2f91d60c7973","Dawn","Russell"
"42","codyherring@hotmail.com","pbkdf2:sha256:600000$saAswflqptw064XT$95c40b29282ab15578f03a20bdf1b61bc7c8ae067ed16cb357e99903c5c842dd","Erica","Le"
"43","tgilmore@yahoo.com","pbkdf2:sha256:600000$wBMOmDm7zYaDO0Yy$a060a5c21aa671c0580d1ba9ade5d62889e0776be93da87f1880d346694e11f9","Kenneth","Castro"
"44","justinbonilla@hotmail.com","pbkdf2:sha256:600000$o3zakkrOh9N1h2w8$dffc22ecbf58409ebbd51b7d27450328e2abe1814647bf8c83046e353163c792","Daniel","Patterson"
"45","webereric@hotmail.com","pbkdf2:sha256:600000$NAox8Jr269loMphK$f72c57006aabe51556d7ecaea1388ce2df11dff5749f3e8f5d5da35023791a4f","Douglas","Yates"
"46","denisetaylor@gmail.com","pbkdf2:sha256:600000$uCXh5ouDw5FQKQoB$ddc6d418f6f7fb25c1473c33b6d2340b53b8ee25d812375bb70daa52a61e3774","David","Steele"
"47","jyoung@gmail.com","pbkdf2:sha256:600000$SIcy1d3RKzMQj5A9$cbd5eb4e09f5a067f6a2c180e6f94f85f1322fa848e490da6352a636cdbf4644","Christopher","Green"
"48","upeters@hotmail.com","pbkdf2:sha256:600000$LfU3ZSKrLjkOkpAo$ca9858c587b27544e158ab730e1626141f428ecb454712df9820c9666194d537","Maria","Valentine"
"49","torreskyle@hotmail.com","pbkdf2:sha256:600000$SpQF7Wowtay3wbB4$0338f824bfde1171d06bc147cc395b942780f019847f87b23ec82365b627ee2a","Beverly","Taylor"
"50","christopher91@gmail.com","pbkdf2:sha256:600000$PFlJTYYTNBFqjzo8$0e1175ec4d4412e3a73a817f49aa9ac2f33e4417b9f868085932ca42c6bfc2c6","Kristin","Alvarez"
"51","yolandabraun@gmail.com","pbkdf2:sha256:600000$XnqSZQunr9NzeloC$8afac4c0264ebe6b41fda10ec9a2b8b4c672eee9ead1b481a983581e80139cff","Scott","Lawrence"
"52","olsonjohn@gmail.com","pbkdf2:sha256:600000$etxuJKhH1X26eoww$c3494d76596b639220abab0419a015b6d33b35fb52c68645656ca61f0463ad30","Perry","Jr."
"53","erin71@yahoo.com","pbkdf2:sha256:600000$4TJhDCfAknvZTg4R$8fb20a89549ba785104f94f802a031add55a51f4c8f5e3af4db161f65b4e57b0","David","Rivera"
"54","kelly22@hotmail.com","pbkdf2:sha256:600000$LsBBMaoMDWiKD9vd$7462c5913fbd452997fddf1cc7953039455c191bd121742ec768468aec098671","Shannon","Rivera"
"55","beverlysmith@yahoo.com","pbkdf2:sha256:600000$qoovfZnvwzrNPCWz$7217e3f38948f2215cd6dcbb4237a0e36bcf287decbccad340c036c658c13a05","Katherine","Smith"
"56","ktucker@hotmail.com","pbkdf2:sha256:600000$48EUQrjcgmlNCIx3$66eb19d292e58508c1ea61d7bde06e0a38c2c2e44d4d97080f75149de578cdd6","Elaine","Morris"
"57","gordon43@hotmail.com","pbkdf2:sha256:600000$6r6LbPXkZoFCO5hJ$209cc48ef211726a5d9e2fd7280efa0ccfedcde998993d4cf58e2b75193e0d8d","Wayne","Reed"
"58","kennethwashington@gmail.com","pbkdf2:sha256:600000$4dRcNZkhzsdKqsb9$e1a3fbd92fa0763231fe662e50cabb29304c405820353ee2e2902faa499cbfa0","Jennifer","Marsh"
"59","zharris@hotmail.com","pbkdf2:sha256:600000$pxxEu1Sh80R7sIeV$e0b36300eeb692ce553a4cfe4eb70f2266393cdf13cb0d24cd0bea3ac28719dc","Richard","Haynes"
"60","davidlewis@gmail.com","pbkdf2:sha256:600000$Fm4NkN9l4MnVsjvl$f2f772f656323f9c323a9f82c6cdc832629b202187b233cbb3ec49e8655b9e6a","Sean","Jackson"
"61","joshuakent@yahoo.com","pbkdf2:sha256:600000$ZKP8QFXITNr7hzWg$6c3c30878bc0c3bb9f24245d1ed51e3514bb483fcd2dd53b2c30922830170fc1","Billy","Graham"
"62","tammy10@yahoo.com","pbkdf2:sha256:600000$BTJX0KVjhteiEfxN$29fd7d7c925f0c900e86e9f43af0c67ee612bb0ee4bcf79944fc91c3bf77b9cb","Christopher","Mitchell"
"63","christianhernandez@gmail.com","pbkdf2:sha256:600000$yuJasWbnsXjDuRWK$e3aa00a96ad87f0fcdc497ff277df3e334b8e912876decc4391536fa545b123f","Jeffrey","Griffin"
"64","randallwendy@yahoo.com","pbkdf2:sha256:600000$jCOZ8G7hhf3mYUaL$88a2ccf58f2ea8b235f65b0438345ad9b53e067c3a94f5389866fb6b35dafc97","Chase","Foley"
"65","heathercrawford@yahoo.com","pbkdf2:sha256:600000$AgwmUEbpteXRg2mm$46282bb2d9fe5cecb1c665a1a8d7b425e3a0792e96276e427398d74be55c45bd","Matthew","Cisneros"
"66","pauldiaz@gmail.com","pbkdf2:sha256:600000$X2Dw4pseK9jJ1AOO$90db7c744a465cea381e1ab0395b472013239192ab438794c895c5c6143b8dd0","Tyler","Pace"
"67","victorlewis@gmail.com","pbkdf2:sha256:600000$F7z1ixM6xN5wC2MW$a3d3282d93a810705d5ba945a5a756ea701fab893c36c37deea643020ec0bc5f","Matthew","Beltran"
"68","armstrongcolleen@gmail.com","pbkdf2:sha256:600000$Oz0Qr5FdeuFgs5pj$ec9eae76855ef47d003baa5549cbb0bd15d9718de71b1f59c96e3d4e6e9b08b2","Sandra","Powell"
"69","mwade@hotmail.com","pbkdf2:sha256:600000$6BvyU9H74X9bSmKL$50d5015cd912aab120a3f14370e2bce893a5270481848678bf2156c3cc026385","Matthew","Jones"
"70","kristinperry@yahoo.com","pbkdf2:sha256:600000$KHKVsbA0LoaVpM7G$ba99cce2e458bea2ee920ea1d9696ff9a3f81d78293157494639cd034162ca59","Jacob","Roy"
"71","cbrown@yahoo.com","pbkdf2:sha256:600000$FSxMyQ75xD24pZrn$9c4c5b758d14c2a4a03d120697e4f3d47d8fd03256aabaa9cd52c80ebb44126f","Shannon","Boyd"
"72","patricklopez@hotmail.com","pbkdf2:sha256:600000$yE0fFFr9gN8HrkeH$4c08e9e8f1fd1305f9344b9197c16d60871c523f87bd892364c73d28a1c26e11","Jessica","Wilson"
"73","osanders@gmail.com","pbkdf2:sha256:600000$9GxMHv3cmoKzy1m3$86b90d5d5263a8bef7f35176c2cf59e5859d15285b67087c4740498ae08c0a1d","Keith","Ramsey"
"74","sharon91@hotmail.com","pbkdf2:sha256:600000$5puq1FuXgP6GjxlY$3dcb6a25c42d614b3b1a204e7eef908bf8867656f35ce1697c9d0af6765a5e30","Lori","Dominguez"
"75","privera@gmail.com","pbkdf2:sha256:600000$ksN8u3EMOSak5iLp$465f29f87f9d44b9714e3e715281a589ccd9a1be2fedc8aded7974184b580c4b","Patricia","Pearson"
"76","brian64@yahoo.com","pbkdf2:sha256:600000$Xk6ao7n8PcZgNfFr$414b50500b8143975e2e43803362707d95d8dcedc3c4ae3be8548a8aaba60812","Alan","Pineda"
"77","diazfrank@yahoo.com","pbkdf2:sha256:600000$tdgR5aq6CQviQ5cI$84a062a2f989db0cde830a4d5dcfee4866984d54abdc1a0626116d7e960dacdf","Jamie","Clark"
"78","qferrell@hotmail.com","pbkdf2:sha256:600000$fSIQW3KZlz0QS7IL$c89452450c5f486b1b090022b294a34f54b1c1a20d8f3ed90243965b4f54e9c6","Tracey","Bartlett"
"79","patrick19@yahoo.com","pbkdf2:sha256:600000$C9WyIVzVFTpjINi0$d46f7b6a87fd46d9401776f77504bda356692ee482495a14d60e5d69fa5a675c","John","Coleman"
"80","derek56@hotmail.com","pbkdf2:sha256:600000$0po2LyKISXuSzZoy$6859f76b401ec9dca992d3efd1df4372e038b376a25d3e075165b284200b5071","Edward","Ochoa"
"81","jacob95@gmail.com","pbkdf2:sha256:600000$tADoKJ0dMVTteYP1$e70738fbd8df1697f8f9870c563255199f8d3a696d78a54cb0cd8add71dce906","Sheri","Jennings"
"82","ppatel@gmail.com","pbkdf2:sha256:600000$JhojyjDAqNdu9Q0Q$c04b39c8e2f820f1fb91e53606b271f31f9f80078b48ddbaaa6884204d03efac","Deanna","Holt"
"83","nicholasmorgan@hotmail.com","pbkdf2:sha256:600000$8TyLiMn7PZz1w1Ta$470ecd6c523b5591ef0a98132631c99e5ec7a5abfa2ce6fc3c5ebb24966cd297","Larry","Palmer"
"84","dwells@hotmail.com","pbkdf2:sha256:600000$POTir8q4ndZVYrWW$637cf74dcbafa4355723a78f677e3a9d3b3bbf49f23a4b7f069f147ac3ff5104","Kristina","Higgins"
"85","amyporter@yahoo.com","pbkdf2:sha256:600000$s5l1VSmmt58LVIQ1$6801fe0747e1aa87714e071f9e44591c2e24e7b544aa8379f894cef79da3b507","Shawn","Matthews"
"86","lindseylynch@hotmail.com","pbkdf2:sha256:600000$JYRKmMaVKswKN0VA$024d30e2b1d43c1b10fb74040263627f00bfce0812c1f11208bb01a8ca5439cc","Leslie","Pugh"
"87","lcollins@gmail.com","pbkdf2:sha256:600000$fRPhTxD0O7FiRLkt$9d7e479e4da8be3d20c131d1ef51ebd547b9cf8674a0c1b0fad3ac303ca0c802","James","Rodriguez"
"88","john71@hotmail.com","pbkdf2:sha256:600000$GCNGSBIcR6KgZqXF$438f221b9e09671377304ee7dfaac6575b5b0e5978c4822b358d59a18c90a090","George","Butler"
"89","deborah72@hotmail.com","pbkdf2:sha256:600000$8kY7OdwlffX5DK7j$98786826d7dd7d43394174a1f3118b9af3ca3ac62dcd8fdb60a40957f344fad1","Shawn","Gregory"
"90","irwinwyatt@gmail.com","pbkdf2:sha256:600000$zUTGfRz4b4IjoqTZ$b9ae3846c9ad61ea8d3f45d8b29f4f4dbfc63fed5ec8c93a07a2dc7df80a6c10","David","DDS"
"91","pbrown@yahoo.com","pbkdf2:sha256:600000$UGWwOOefGXwWoIyW$afbd86517a98eb1d7b1f472da8d565ea5113603f96801aafee21f3b7f6334f0a","Mark","Chapman"
"92","elizabethyang@gmail.com","pbkdf2:sha256:600000$EcmBzmqmBP7vAZIS$5a97d4bb4fa5a2c8451dd1a4167f94b1c84a7825f8ba3aa301988f1c465d95e7","Savannah","Miller"
"93","zwilson@hotmail.com","pbkdf2:sha256:600000$iFrTghbUywouuhz0$81e9f48eabbf4298dbd37d28eee819088de22971f462d300c1a9d484648778f4","Matthew","Doyle"
"94","drakefrederick@hotmail.com","pbkdf2:sha256:600000$K2Ip23Ryss9bvDcv$30d6e2a0c8c08f029abbc9d497a5b0bab1f028fdeaa6e7d748e96b467c988b9e","Daniel","Carter"
"95","mforbes@yahoo.com","pbkdf2:sha256:600000$wea7w2HdEEigu2sZ$ba4d0f6835224e28e890c76c6452efcf5df803e2ee0e3f2f6f8534f57b899b4c","Donald","Ponce"
"96","hillshelley@gmail.com","pbkdf2:sha256:600000$xZNVgE7youEbxSdH$f87b17952e21a1e354292242f6a16d641dc2d7076734b84b2a579378897f80f8","Dr.","IV"
"97","brittanymendoza@gmail.com","pbkdf2:sha256:600000$h0lRyaXpii5lPBUw$7f5703695011d4aeddda539726877030e55e40a46f80c26c7de724c66059ecb5","Adrienne","Friedman"
"98","taylor42@yahoo.com","pbkdf2:sha256:600000$cHIFU2V3Jqs8TfpE$3b553b0fa0503a2dae164975f595c19dcf29690548f6fad2e6195172be2df1f9","Justin","Adams"
"99","jacksonlori@gmail.com","pbkdf2:sha256:600000$YrpKoLs8igQmIa3X$59fb068431fede8ba8770fb45e0b8ed6a49f00b701c31ce02b35c93e2d20d377","Michelle","Welch"
